Domain Code,Domain,Area Code (M49),Area,Element Code,Element,Item Code (CPC),Item,Year Code,Year,Unit,Value,Flag,Flag Description,Note
"QCL","Crops and livestock products","704","Viet Nam","5312","Area harvested","01610","Coffee, green","1961","1961","ha","21200","A","Official figure",""
"QCL","Crops and livestock products","704","Viet Nam","5412","Yield","01610","Coffee, green","1961","1961","kg/ha","193.4","A","Official figure",""
"QCL","Crops and livestock products","704","Viet Nam","5510","Production","01610","Coffee, green","1961","1961","t","4100","A","Official figure",""
"QCL","Crops and livestock products","704","Viet Nam","5312","Area harvested","01610","Coffee, green","1962","1962","ha","24410","A","Official figure",""
"QCL","Crops and livestock products","704","Viet Nam","5412","Yield","01610","Coffee, green","1962","1962","kg/ha","164.7","A","Official figure",""
"QCL","Crops and livestock products","704","Viet Nam","5510","Production","01610","Coffee, green","1962","1962","t","4020","A","Official figure",""
"QCL","Crops and livestock products","704","Viet Nam","5312","Area harvested","01610","Coffee, green","1963","1963","ha","25000","E","Estimated value",""
"QCL","Crops and livestock products","704","Viet Nam","5412","Yield","01610","Coffee, green","1963","1963","kg/ha","180","E","Estimated value",""
"QCL","Crops and livestock products","704","Viet Nam","5510","Production","01610","Coffee, green","1963","1963","t","4500","E","Estimated value",""
"QCL","Crops and livestock products","704","Viet Nam","5312","Area harvested","01610","Coffee, green","1964","1964","ha","25000","E","Estimated value",""
"QCL","Crops and livestock products","704","Viet Nam","5412","Yield","01610","Coffee, green","1964","1964","kg/ha","220","E","Estimated value",""
"QCL","Crops and livestock products","704","Viet Nam","5510","Production","01610","Coffee, green","1964","1964","t","5500","E","Estimated value",""
"QCL","Crops and livestock products","704","Viet Nam","5312","Area harvested","01610","Coffee, green","1965","1965","ha","22800","A","Official figure",""
"QCL","Crops and livestock products","704","Viet Nam","5412","Yield","01610","Coffee, green","1965","1965","kg/ha","328.9","A","Official figure",""
"QCL","Crops and livestock products","704","Viet Nam","5510","Production","01610","Coffee, green","1965","1965","t","7500","A","Official figure",""
"QCL","Crops and livestock products","704","Viet Nam","5312","Area harvested","01610","Coffee, green","1966","1966","ha","22200","A","Official figure",""
"QCL","Crops and livestock products","704","Viet Nam","5412","Yield","01610","Coffee, green","1966","1966","kg/ha","283.8","A","Official figure",""
"QCL","Crops and livestock products","704","Viet Nam","5510","Production","01610","Coffee, green","1966","1966","t","6300","A","Official figure",""
"QCL","Crops and livestock products","704","Viet Nam","5312","Area harvested","01610","Coffee, green","1967","1967","ha","23000","E","Estimated value",""
"QCL","Crops and livestock products","704","Viet Nam","5412","Yield","01610","Coffee, green","1967","1967","kg/ha","304.3","E","Estimated value",""
"QCL","Crops and livestock products","704","Viet Nam","5510","Production","01610","Coffee, green","1967","1967","t","7000","E","Estimated value",""
"QCL","Crops and livestock products","704","Viet Nam","5312","Area harvested","01610","Coffee, green","1968","1968","ha","18000","E","Estimated value",""
"QCL","Crops and livestock products","704","Viet Nam","5412","Yield","01610","Coffee, green","1968","1968","kg/ha","333.3","E","Estimated value",""
"QCL","Crops and livestock products","704","Viet Nam","5510","Production","01610","Coffee, green","1968","1968","t","6000","E","Estimated value",""
"QCL","Crops and livestock products","704","Viet Nam","5312","Area harvested","01610","Coffee, green","1969","1969","ha","17000","E","Estimated value",""
"QCL","Crops and livestock products","704","Viet Nam","5412","Yield","01610","Coffee, green","1969","1969","kg/ha","382.4","E","Estimated value",""
"QCL","Crops and livestock products","704","Viet Nam","5510","Production","01610","Coffee, green","1969","1969","t","6500","E","Estimated value",""
"QCL","Crops and livestock products","704","Viet Nam","5312","Area harvested","01610","Coffee, green","1970","1970","ha","18600","A","Official figure",""
"QCL","Crops and livestock products","704","Viet Nam","5412","Yield","01610","Coffee, green","1970","1970","kg/ha","392.5","A","Official figure",""
"QCL","Crops and livestock products","704","Viet Nam","5510","Production","01610","Coffee, green","1970","1970","t","7300","A","Official figure",""
"QCL","Crops and livestock products","704","Viet Nam","5312","Area harvested","01610","Coffee, green","1971","1971","ha","19000","A","Official figure",""
"QCL","Crops and livestock products","704","Viet Nam","5412","Yield","01610","Coffee, green","1971","1971","kg/ha","342.1","A","Official figure",""
"QCL","Crops and livestock products","704","Viet Nam","5510","Production","01610","Coffee, green","1971","1971","t","6500","A","Official figure",""
"QCL","Crops and livestock products","704","Viet Nam","5312","Area harvested","01610","Coffee, green","1972","1972","ha","16000","E","Estimated value",""
"QCL","Crops and livestock products","704","Viet Nam","5412","Yield","01610","Coffee, green","1972","1972","kg/ha","437.5","E","Estimated value",""
"QCL","Crops and livestock products","704","Viet Nam","5510","Production","01610","Coffee, green","1972","1972","t","7000","E","Estimated value",""
"QCL","Crops and livestock products","704","Viet Nam","5312","Area harvested","01610","Coffee, green","1973","1973","ha","15000","E","Estimated value",""
"QCL","Crops and livestock products","704","Viet Nam","5412","Yield","01610","Coffee, green","1973","1973","kg/ha","440","E","Estimated value",""
"QCL","Crops and livestock products","704","Viet Nam","5510","Production","01610","Coffee, green","1973","1973","t","6600","E","Estimated value",""
"QCL","Crops and livestock products","704","Viet Nam","5312","Area harvested","01610","Coffee, green","1974","1974","ha","12000","E","Estimated value",""
"QCL","Crops and livestock products","704","Viet Nam","5412","Yield","01610","Coffee, green","1974","1974","kg/ha","500","E","Estimated value",""
"QCL","Crops and livestock products","704","Viet Nam","5510","Production","01610","Coffee, green","1974","1974","t","6000","E","Estimated value",""
"QCL","Crops and livestock products","704","Viet Nam","5312","Area harvested","01610","Coffee, green","1975","1975","ha","11400","A","Official figure",""
"QCL","Crops and livestock products","704","Viet Nam","5412","Yield","01610","Coffee, green","1975","1975","kg/ha","596.5","A","Official figure",""
"QCL","Crops and livestock products","704","Viet Nam","5510","Production","01610","Coffee, green","1975","1975","t","6800","A","Official figure",""
"QCL","Crops and livestock products","704","Viet Nam","5312","Area harvested","01610","Coffee, green","1976","1976","ha","15500","E","Estimated value",""
"QCL","Crops and livestock products","704","Viet Nam","5412","Yield","01610","Coffee, green","1976","1976","kg/ha","625.8","E","Estimated value",""
"QCL","Crops and livestock products","704","Viet Nam","5510","Production","01610","Coffee, green","1976","1976","t","9700","A","Official figure",""
"QCL","Crops and livestock products","704","Viet Nam","5312","Area harvested","01610","Coffee, green","1977","1977","ha","7050","A","Official figure",""
"QCL","Crops and livestock products","704","Viet Nam","5412","Yield","01610","Coffee, green","1977","1977","kg/ha","794.3","A","Official figure",""
"QCL","Crops and livestock products","704","Viet Nam","5510","Production","01610","Coffee, green","1977","1977","t","5600","A","Official figure",""
"QCL","Crops and livestock products","704","Viet Nam","5312","Area harvested","01610","Coffee, green","1978","1978","ha","8130","A","Official figure",""
"QCL","Crops and livestock products","704","Viet Nam","5412","Yield","01610","Coffee, green","1978","1978","kg/ha","664.2","A","Official figure",""
"QCL","Crops and livestock products","704","Viet Nam","5510","Production","01610","Coffee, green","1978","1978","t","5400","A","Official figure",""
"QCL","Crops and livestock products","704","Viet Nam","5312","Area harvested","01610","Coffee, green","1979","1979","ha","9410","A","Official figure",""
"QCL","Crops and livestock products","704","Viet Nam","5412","Yield","01610","Coffee, green","1979","1979","kg/ha","542","A","Official figure",""
"QCL","Crops and livestock products","704","Viet Nam","5510","Production","01610","Coffee, green","1979","1979","t","5100","A","Official figure",""
"QCL","Crops and livestock products","704","Viet Nam","5312","Area harvested","01610","Coffee, green","1980","1980","ha","9200","A","Official figure",""
"QCL","Crops and livestock products","704","Viet Nam","5412","Yield","01610","Coffee, green","1980","1980","kg/ha","913","A","Official figure",""
"QCL","Crops and livestock products","704","Viet Nam","5510","Production","01610","Coffee, green","1980","1980","t","8400","A","Official figure",""
"QCL","Crops and livestock products","704","Viet Nam","5312","Area harvested","01610","Coffee, green","1981","1981","ha","9460","A","Official figure",""
"QCL","Crops and livestock products","704","Viet Nam","5412","Yield","01610","Coffee, green","1981","1981","kg/ha","560.3","A","Official figure",""
"QCL","Crops and livestock products","704","Viet Nam","5510","Production","01610","Coffee, green","1981","1981","t","5300","A","Official figure",""
"QCL","Crops and livestock products","704","Viet Nam","5312","Area harvested","01610","Coffee, green","1982","1982","ha","10960","A","Official figure",""
"QCL","Crops and livestock products","704","Viet Nam","5412","Yield","01610","Coffee, green","1982","1982","kg/ha","483.6","A","Official figure",""
"QCL","Crops and livestock products","704","Viet Nam","5510","Production","01610","Coffee, green","1982","1982","t","5300","A","Official figure",""
"QCL","Crops and livestock products","704","Viet Nam","5312","Area harvested","01610","Coffee, green","1983","1983","ha","11990","A","Official figure",""
"QCL","Crops and livestock products","704","Viet Nam","5412","Yield","01610","Coffee, green","1983","1983","kg/ha","475.4","A","Official figure",""
"QCL","Crops and livestock products","704","Viet Nam","5510","Production","01610","Coffee, green","1983","1983","t","5700","A","Official figure",""
"QCL","Crops and livestock products","704","Viet Nam","5312","Area harvested","01610","Coffee, green","1984","1984","ha","11830","A","Official figure",""
"QCL","Crops and livestock products","704","Viet Nam","5412","Yield","01610","Coffee, green","1984","1984","kg/ha","405.7","A","Official figure",""
"QCL","Crops and livestock products","704","Viet Nam","5510","Production","01610","Coffee, green","1984","1984","t","4800","A","Official figure",""
"QCL","Crops and livestock products","704","Viet Nam","5312","Area harvested","01610","Coffee, green","1985","1985","ha","14060","A","Official figure",""
"QCL","Crops and livestock products","704","Viet Nam","5412","Yield","01610","Coffee, green","1985","1985","kg/ha","874.8","A","Official figure",""
"QCL","Crops and livestock products","704","Viet Nam","5510","Production","01610","Coffee, green","1985","1985","t","12300","A","Official figure",""
"QCL","Crops and livestock products","704","Viet Nam","5312","Area harvested","01610","Coffee, green","1986","1986","ha","19100","A","Official figure",""
"QCL","Crops and livestock products","704","Viet Nam","5412","Yield","01610","Coffee, green","1986","1986","kg/ha","1308.9","E","Estimated value",""
"QCL","Crops and livestock products","704","Viet Nam","5510","Production","01610","Coffee, green","1986","1986","t","25000","E","Estimated value",""
"QCL","Crops and livestock products","704","Viet Nam","5312","Area harvested","01610","Coffee, green","1987","1987","ha","23400","A","Official figure",""
"QCL","Crops and livestock products","704","Viet Nam","5412","Yield","01610","Coffee, green","1987","1987","kg/ha","1175.2","E","Estimated value",""
"QCL","Crops and livestock products","704","Viet Nam","5510","Production","01610","Coffee, green","1987","1987","t","27500","E","Estimated value",""
"QCL","Crops and livestock products","704","Viet Nam","5312","Area harvested","01610","Coffee, green","1988","1988","ha","32300","A","Official figure",""
"QCL","Crops and livestock products","704","Viet Nam","5412","Yield","01610","Coffee, green","1988","1988","kg/ha","1300.3","E","Estimated value",""
"QCL","Crops and livestock products","704","Viet Nam","5510","Production","01610","Coffee, green","1988","1988","t","42000","E","Estimated value",""
"QCL","Crops and livestock products","704","Viet Nam","5312","Area harvested","01610","Coffee, green","1989","1989","ha","43300","A","Official figure",""
"QCL","Crops and livestock products","704","Viet Nam","5412","Yield","01610","Coffee, green","1989","1989","kg/ha","944.6","A","Official figure",""
"QCL","Crops and livestock products","704","Viet Nam","5510","Production","01610","Coffee, green","1989","1989","t","40900","A","Official figure",""
"QCL","Crops and livestock products","704","Viet Nam","5312","Area harvested","01610","Coffee, green","1990","1990","ha","61857","A","Official figure",""
"QCL","Crops and livestock products","704","Viet Nam","5412","Yield","01610","Coffee, green","1990","1990","kg/ha","1487.3","A","Official figure",""
"QCL","Crops and livestock products","704","Viet Nam","5510","Production","01610","Coffee, green","1990","1990","t","92000","A","Official figure",""
"QCL","Crops and livestock products","704","Viet Nam","5312","Area harvested","01610","Coffee, green","1991","1991","ha","73200","A","Official figure",""
"QCL","Crops and livestock products","704","Viet Nam","5412","Yield","01610","Coffee, green","1991","1991","kg/ha","1366.1","A","Official figure",""
"QCL","Crops and livestock products","704","Viet Nam","5510","Production","01610","Coffee, green","1991","1991","t","100000","A","Official figure",""
"QCL","Crops and livestock products","704","Viet Nam","5312","Area harvested","01610","Coffee, green","1992","1992","ha","81800","A","Official figure",""
"QCL","Crops and livestock products","704","Viet Nam","5412","Yield","01610","Coffee, green","1992","1992","kg/ha","1457.2","A","Official figure",""
"QCL","Crops and livestock products","704","Viet Nam","5510","Production","01610","Coffee, green","1992","1992","t","119200","A","Official figure",""
"QCL","Crops and livestock products","704","Viet Nam","5312","Area harvested","01610","Coffee, green","1993","1993","ha","82100","A","Official figure",""
"QCL","Crops and livestock products","704","Viet Nam","5412","Yield","01610","Coffee, green","1993","1993","kg/ha","1657.7","A","Official figure",""
"QCL","Crops and livestock products","704","Viet Nam","5510","Production","01610","Coffee, green","1993","1993","t","136100","A","Official figure",""
"QCL","Crops and livestock products","704","Viet Nam","5312","Area harvested","01610","Coffee, green","1994","1994","ha","99900","A","Official figure",""
"QCL","Crops and livestock products","704","Viet Nam","5412","Yield","01610","Coffee, green","1994","1994","kg/ha","1801.8","A","Official figure",""
"QCL","Crops and livestock products","704","Viet Nam","5510","Production","01610","Coffee, green","1994","1994","t","180000","A","Official figure",""
"QCL","Crops and livestock products","704","Viet Nam","5312","Area harvested","01610","Coffee, green","1995","1995","ha","114100","A","Official figure",""
"QCL","Crops and livestock products","704","Viet Nam","5412","Yield","01610","Coffee, green","1995","1995","kg/ha","1910.6","A","Official figure",""
"QCL","Crops and livestock products","704","Viet Nam","5510","Production","01610","Coffee, green","1995","1995","t","218000","A","Official figure",""
"QCL","Crops and livestock products","704","Viet Nam","5312","Area harvested","01610","Coffee, green","1996","1996","ha","157500","A","Official figure",""
"QCL","Crops and livestock products","704","Viet Nam","5412","Yield","01610","Coffee, green","1996","1996","kg/ha","2032.4","A","Official figure",""
"QCL","Crops and livestock products","704","Viet Nam","5510","Production","01610","Coffee, green","1996","1996","t","320100","A","Official figure",""
"QCL","Crops and livestock products","704","Viet Nam","5312","Area harvested","01610","Coffee, green","1997","1997","ha","174400","A","Official figure",""
"QCL","Crops and livestock products","704","Viet Nam","5412","Yield","01610","Coffee, green","1997","1997","kg/ha","2411.1","A","Official figure",""
"QCL","Crops and livestock products","704","Viet Nam","5510","Production","01610","Coffee, green","1997","1997","t","420500","A","Official figure",""
"QCL","Crops and livestock products","704","Viet Nam","5312","Area harvested","01610","Coffee, green","1998","1998","ha","218300","A","Official figure",""
"QCL","Crops and livestock products","704","Viet Nam","5412","Yield","01610","Coffee, green","1998","1998","kg/ha","1874.9","A","Official figure",""
"QCL","Crops and livestock products","704","Viet Nam","5510","Production","01610","Coffee, green","1998","1998","t","409300","A","Official figure",""
"QCL","Crops and livestock products","704","Viet Nam","5312","Area harvested","01610","Coffee, green","1999","1999","ha","269800","A","Official figure",""
"QCL","Crops and livestock products","704","Viet Nam","5412","Yield","01610","Coffee, green","1999","1999","kg/ha","2050.4","A","Official figure",""
"QCL","Crops and livestock products","704","Viet Nam","5510","Production","01610","Coffee, green","1999","1999","t","553200","A","Official figure",""
"QCL","Crops and livestock products","704","Viet Nam","5312","Area harvested","01610","Coffee, green","2000","2000","ha","476900","A","Official figure",""
"QCL","Crops and livestock products","704","Viet Nam","5412","Yield","01610","Coffee, green","2000","2000","kg/ha","1682.7","A","Official figure",""
"QCL","Crops and livestock products","704","Viet Nam","5510","Production","01610","Coffee, green","2000","2000","t","802500","A","Official figure",""
"QCL","Crops and livestock products","704","Viet Nam","5312","Area harvested","01610","Coffee, green","2001","2001","ha","473500","A","Official figure",""
"QCL","Crops and livestock products","704","Viet Nam","5412","Yield","01610","Coffee, green","2001","2001","kg/ha","1775.3","A","Official figure",""
"QCL","Crops and livestock products","704","Viet Nam","5510","Production","01610","Coffee, green","2001","2001","t","840600","A","Official figure",""
"QCL","Crops and livestock products","704","Viet Nam","5312","Area harvested","01610","Coffee, green","2002","2002","ha","492500","A","Official figure",""
"QCL","Crops and livestock products","704","Viet Nam","5412","Yield","01610","Coffee, green","2002","2002","kg/ha","1420.3","A","Official figure",""
"QCL","Crops and livestock products","704","Viet Nam","5510","Production","01610","Coffee, green","2002","2002","t","699500","A","Official figure",""
"QCL","Crops and livestock products","704","Viet Nam","5312","Area harvested","01610","Coffee, green","2003","2003","ha","480500","A","Official figure",""
"QCL","Crops and livestock products","704","Viet Nam","5412","Yield","01610","Coffee, green","2003","2003","kg/ha","1651.8","A","Official figure",""
"QCL","Crops and livestock products","704","Viet Nam","5510","Production","01610","Coffee, green","2003","2003","t","793700","A","Official figure",""
"QCL","Crops and livestock products","704","Viet Nam","5312","Area harvested","01610","Coffee, green","2004","2004","ha","479100","A","Official figure",""
"QCL","Crops and livestock products","704","Viet Nam","5412","Yield","01610","Coffee, green","2004","2004","kg/ha","1907.3","E","Estimated value",""
"QCL","Crops and livestock products","704","Viet Nam","5510","Production","01610","Coffee, green","2004","2004","t","913800","X","Figure from external organization","Unofficial figure"
"QCL","Crops and livestock products","704","Viet Nam","5312","Area harvested","01610","Coffee, green","2005","2005","ha","483600","A","Official figure",""
"QCL","Crops and livestock products","704","Viet Nam","5412","Yield","01610","Coffee, green","2005","2005","kg/ha","1718.4","E","Estimated value",""
"QCL","Crops and livestock products","704","Viet Nam","5510","Production","01610","Coffee, green","2005","2005","t","831000","X","Figure from external organization","Unofficial figure"
"QCL","Crops and livestock products","704","Viet Nam","5312","Area harvested","01610","Coffee, green","2006","2006","ha","483200","A","Official figure",""
"QCL","Crops and livestock products","704","Viet Nam","5412","Yield","01610","Coffee, green","2006","2006","kg/ha","2039.1","A","Official figure",""
"QCL","Crops and livestock products","704","Viet Nam","5510","Production","01610","Coffee, green","2006","2006","t","985300","A","Official figure",""
"QCL","Crops and livestock products","704","Viet Nam","5312","Area harvested","01610","Coffee, green","2007","2007","ha","488900","A","Official figure",""
"QCL","Crops and livestock products","704","Viet Nam","5412","Yield","01610","Coffee, green","2007","2007","kg/ha","2558.8","E","Estimated value",""
"QCL","Crops and livestock products","704","Viet Nam","5510","Production","01610","Coffee, green","2007","2007","t","1251000","X","Figure from external organization","Unofficial figure"
"QCL","Crops and livestock products","704","Viet Nam","5312","Area harvested","01610","Coffee, green","2008","2008","ha","500200","A","Official figure",""
"QCL","Crops and livestock products","704","Viet Nam","5412","Yield","01610","Coffee, green","2008","2008","kg/ha","2110.8","A","Official figure",""
"QCL","Crops and livestock products","704","Viet Nam","5510","Production","01610","Coffee, green","2008","2008","t","1055811","A","Official figure",""
"QCL","Crops and livestock products","704","Viet Nam","5312","Area harvested","01610","Coffee, green","2009","2009","ha","507200","A","Official figure",""
"QCL","Crops and livestock products","704","Viet Nam","5412","Yield","01610","Coffee, green","2009","2009","kg/ha","2085.1","A","Official figure",""
"QCL","Crops and livestock products","704","Viet Nam","5510","Production","01610","Coffee, green","2009","2009","t","1057539.6","A","Official figure",""
"QCL","Crops and livestock products","704","Viet Nam","5312","Area harvested","01610","Coffee, green","2010","2010","ha","511900","A","Official figure",""
"QCL","Crops and livestock products","704","Viet Nam","5412","Yield","01610","Coffee, green","2010","2010","kg/ha","2160","A","Official figure",""
"QCL","Crops and livestock products","704","Viet Nam","5510","Production","01610","Coffee, green","2010","2010","t","1105700","A","Official figure",""
"QCL","Crops and livestock products","704","Viet Nam","5312","Area harvested","01610","Coffee, green","2011","2011","ha","543865","A","Official figure",""
"QCL","Crops and livestock products","704","Viet Nam","5412","Yield","01610","Coffee, green","2011","2011","kg/ha","2347.1","A","Official figure",""
"QCL","Crops and livestock products","704","Viet Nam","5510","Production","01610","Coffee, green","2011","2011","t","1276506","A","Official figure",""
"QCL","Crops and livestock products","704","Viet Nam","5312","Area harvested","01610","Coffee, green","2012","2012","ha","572600","A","Official figure",""
"QCL","Crops and livestock products","704","Viet Nam","5412","Yield","01610","Coffee, green","2012","2012","kg/ha","2201.3","A","Official figure",""
"QCL","Crops and livestock products","704","Viet Nam","5510","Production","01610","Coffee, green","2012","2012","t","1260463","A","Official figure",""
"QCL","Crops and livestock products","704","Viet Nam","5312","Area harvested","01610","Coffee, green","2013","2013","ha","581381","A","Official figure",""
"QCL","Crops and livestock products","704","Viet Nam","5412","Yield","01610","Coffee, green","2013","2013","kg/ha","2282","A","Official figure",""
"QCL","Crops and livestock products","704","Viet Nam","5510","Production","01610","Coffee, green","2013","2013","t","1326688","A","Official figure",""
"QCL","Crops and livestock products","704","Viet Nam","5312","Area harvested","01610","Coffee, green","2014","2014","ha","589041","A","Official figure",""
"QCL","Crops and livestock products","704","Viet Nam","5412","Yield","01610","Coffee, green","2014","2014","kg/ha","2387.7","A","Official figure",""
"QCL","Crops and livestock products","704","Viet Nam","5510","Production","01610","Coffee, green","2014","2014","t","1406469","A","Official figure",""
"QCL","Crops and livestock products","704","Viet Nam","5312","Area harvested","01610","Coffee, green","2015","2015","ha","593800","A","Official figure",""
"QCL","Crops and livestock products","704","Viet Nam","5412","Yield","01610","Coffee, green","2015","2015","kg/ha","2446.9","A","Official figure",""
"QCL","Crops and livestock products","704","Viet Nam","5510","Production","01610","Coffee, green","2015","2015","t","1452999.3","A","Official figure",""
"QCL","Crops and livestock products","704","Viet Nam","5312","Area harvested","01610","Coffee, green","2016","2016","ha","597597","A","Official figure",""
"QCL","Crops and livestock products","704","Viet Nam","5412","Yield","01610","Coffee, green","2016","2016","kg/ha","2444.5","A","Official figure",""
"QCL","Crops and livestock products","704","Viet Nam","5510","Production","01610","Coffee, green","2016","2016","t","1460800.01","A","Official figure",""
"QCL","Crops and livestock products","704","Viet Nam","5312","Area harvested","01610","Coffee, green","2017","2017","ha","605178","A","Official figure",""
"QCL","Crops and livestock products","704","Viet Nam","5412","Yield","01610","Coffee, green","2017","2017","kg/ha","2548.7","A","Official figure",""
"QCL","Crops and livestock products","704","Viet Nam","5510","Production","01610","Coffee, green","2017","2017","t","1542397.88","A","Official figure",""
"QCL","Crops and livestock products","704","Viet Nam","5312","Area harvested","01610","Coffee, green","2018","2018","ha","618879","A","Official figure",""
"QCL","Crops and livestock products","704","Viet Nam","5412","Yield","01610","Coffee, green","2018","2018","kg/ha","2611.7","A","Official figure",""
"QCL","Crops and livestock products","704","Viet Nam","5510","Production","01610","Coffee, green","2018","2018","t","1616307.25","A","Official figure",""
"QCL","Crops and livestock products","704","Viet Nam","5312","Area harvested","01610","Coffee, green","2019","2019","ha","624100","A","Official figure",""
"QCL","Crops and livestock products","704","Viet Nam","5412","Yield","01610","Coffee, green","2019","2019","kg/ha","2702.7","A","Official figure",""
"QCL","Crops and livestock products","704","Viet Nam","5510","Production","01610","Coffee, green","2019","2019","t","1686765.17","A","Official figure",""
"QCL","Crops and livestock products","704","Viet Nam","5312","Area harvested","01610","Coffee, green","2020","2020","ha","637563","A","Official figure",""
"QCL","Crops and livestock products","704","Viet Nam","5412","Yield","01610","Coffee, green","2020","2020","kg/ha","2766","A","Official figure",""
"QCL","Crops and livestock products","704","Viet Nam","5510","Production","01610","Coffee, green","2020","2020","t","1763476.04","A","Official figure",""
"QCL","Crops and livestock products","704","Viet Nam","5312","Area harvested","01610","Coffee, green","2021","2021","ha","653192","A","Official figure",""
"QCL","Crops and livestock products","704","Viet Nam","5412","Yield","01610","Coffee, green","2021","2021","kg/ha","2824.6","A","Official figure",""
"QCL","Crops and livestock products","704","Viet Nam","5510","Production","01610","Coffee, green","2021","2021","t","1845032.98","A","Official figure",""
"QCL","Crops and livestock products","704","Viet Nam","5312","Area harvested","01610","Coffee, green","2022","2022","ha","655921","A","Official figure",""
"QCL","Crops and livestock products","704","Viet Nam","5412","Yield","01610","Coffee, green","2022","2022","kg/ha","2979","A","Official figure",""
"QCL","Crops and livestock products","704","Viet Nam","5510","Production","01610","Coffee, green","2022","2022","t","1953990.16","A","Official figure",""
"QCL","Crops and livestock products","704","Viet Nam","5312","Area harvested","01610","Coffee, green","2023","2023","ha","666954","A","Official figure",""
"QCL","Crops and livestock products","704","Viet Nam","5412","Yield","01610","Coffee, green","2023","2023","kg/ha","2933.9","A","Official figure",""
"QCL","Crops and livestock products","704","Viet Nam","5510","Production","01610","Coffee, green","2023","2023","t","1956782.46","A","Official figure",""
"QCL","Crops and livestock products","704","Viet Nam","5312","Area harvested","01610","Coffee, green","2024","2024","ha","678569","A","Official figure",""
"QCL","Crops and livestock products","704","Viet Nam","5412","Yield","01610","Coffee, green","2024","2024","kg/ha","2969.9","A","Official figure",""
"QCL","Crops and livestock products","704","Viet Nam","5510","Production","01610","Coffee, green","2024","2024","t","2015289","A","Official figure",""
